id,category,itemName,description,unit,estimatedPrice,displayLabel,originalNo,sourceFile,notes
KU1405-CLEAN-001,صفایي,جارو,باڼسي خاشووالا,عدد,15,صفایي | جارو | باڼسي خاشووالا | عدد,1,د ۱۴۰۵ کال صفایي تجهیزاتو تخمیني نرخونه لیست(1).xlsx,
KU1405-CLEAN-002,صفایي,پاسپاس,فلزي غټ اسفنجي,عدد,130,صفایي | پاسپاس | فلزي غټ اسفنجي | عدد,2,د ۱۴۰۵ کال صفایي تجهیزاتو تخمیني نرخونه لیست(1).xlsx,
KU1405-CLEAN-003,صفایي,برس,دکمود مینځلولپاره اهني لاستي والا,عدد,35,صفایي | برس | دکمود مینځلولپاره اهني لاستي والا | عدد,3,د ۱۴۰۵ کال صفایي تجهیزاتو تخمیني نرخونه لیست(1).xlsx,
KU1405-CLEAN-004,صفایي,پاسپاس,تاروالا۵۰سانتي متره,عدد,115,صفایي | پاسپاس | تاروالا۵۰سانتي متره | عدد,4,د ۱۴۰۵ کال صفایي تجهیزاتو تخمیني نرخونه لیست(1).xlsx,
KU1405-CLEAN-005,صفایي,برس,دصفائي لپاره پاکستاني غټ (د فرش پرېولو),عدد,25,صفایي | برس | دصفائي لپاره پاکستاني غټ (د فرش پرېولو) | عدد,5,د ۱۴۰۵ کال صفایي تجهیزاتو تخمیني نرخونه لیست(1).xlsx,
KU1405-CLEAN-006,صفایي,تیزاب,تیرک، دکموډاوکاشی پریوللولپاره,بوتل,55,صفایي | تیزاب | تیرک، دکموډاوکاشی پریوللولپاره | بوتل,6,د ۱۴۰۵ کال صفایي تجهیزاتو تخمیني نرخونه لیست(1).xlsx,
KU1405-CLEAN-007,صفایي,ګډوې,پلاستیکي وطني اصلي غټ ډ بلي,عدد,20,صفایي | ګډوې | پلاستیکي وطني اصلي غټ ډ بلي | عدد,7,د ۱۴۰۵ کال صفایي تجهیزاتو تخمیني نرخونه لیست(1).xlsx,
KU1405-CLEAN-008,صفایي,برس,رولروالاچهارقولو,عدد,50,صفایي | برس | رولروالاچهارقولو | عدد,8,د ۱۴۰۵ کال صفایي تجهیزاتو تخمیني نرخونه لیست(1).xlsx,
KU1405-CLEAN-009,صفایي,شیشه صفاکن,صفوناوطني دښیښوپاکولومایع,بوتل,40,صفایي | شیشه صفاکن | صفوناوطني دښیښوپاکولومایع | بوتل,9,د ۱۴۰۵ کال صفایي تجهیزاتو تخمیني نرخونه لیست(1).xlsx,
KU1405-CLEAN-010,صفایي,ټوکر,نخي دصافو لپاره,متر,10,صفایي | ټوکر | نخي دصافو لپاره | متر,10,د ۱۴۰۵ کال صفایي تجهیزاتو تخمیني نرخونه لیست(1).xlsx,
KU1405-CLEAN-011,صفایي,خاک انداز,پلاستیکي وطني,عدد,20,صفایي | خاک انداز | پلاستیکي وطني | عدد,11,د ۱۴۰۵ کال صفایي تجهیزاتو تخمیني نرخونه لیست(1).xlsx,
KU1405-CLEAN-012,صفایي,کچره داني,۶۰لیټره ساده,عدد,1050,صفایي | کچره داني | ۶۰لیټره ساده | عدد,12,د ۱۴۰۵ کال صفایي تجهیزاتو تخمیني نرخونه لیست(1).xlsx,
KU1405-CLEAN-013,صفایي,صابون(پوډري),دکالوپریوللولپاره دنیا مالیزیاوالا,قطۍ,47,صفایي | صابون(پوډري) | دکالوپریوللولپاره دنیا مالیزیاوالا | قطۍ,13,د ۱۴۰۵ کال صفایي تجهیزاتو تخمیني نرخونه لیست(1).xlsx,
KU1405-CLEAN-014,صفایي,تیزاب,کارټکس دکالودلکوصفاکولومایع۴لیټره,بوتل,160,صفایي | تیزاب | کارټکس دکالودلکوصفاکولومایع۴لیټره | بوتل,14,د ۱۴۰۵ کال صفایي تجهیزاتو تخمیني نرخونه لیست(1).xlsx,
KU1405-CLEAN-015,صفایي,چمپلان,داوداسه لپاره پلاستیکي,عدد,60,صفایي | چمپلان | داوداسه لپاره پلاستیکي | عدد,15,د ۱۴۰۵ کال صفایي تجهیزاتو تخمیني نرخونه لیست(1).xlsx,
KU1405-CLEAN-016,صفایي,صابون,ډیټول اورجینل ۸۵ګرامه,عدد,33,صفایي | صابون | ډیټول اورجینل ۸۵ګرامه | عدد,16,د ۱۴۰۵ کال صفایي تجهیزاتو تخمیني نرخونه لیست(1).xlsx,
KU1405-CLEAN-017,صفایي,تشناب کاغذ,سور,بسته,55,صفایي | تشناب کاغذ | سور | بسته,17,د ۱۴۰۵ کال صفایي تجهیزاتو تخمیني نرخونه لیست(1).xlsx,
KU1405-CLEAN-018,صفایي,دسکشي,ربړي,قطۍ,30,صفایي | دسکشي | ربړي | قطۍ,18,د ۱۴۰۵ کال صفایي تجهیزاتو تخمیني نرخونه لیست(1).xlsx,
KU1405-CLEAN-019,صفایي,ډيټول,مايع,بوتل,130,صفایي | ډيټول | مايع | بوتل,19,د ۱۴۰۵ کال صفایي تجهیزاتو تخمیني نرخونه لیست(1).xlsx,
KU1405-CLEAN-020,صفایي,صابون,خوشبويه,درجن,21,صفایي | صابون | خوشبويه | درجن,20,د ۱۴۰۵ کال صفایي تجهیزاتو تخمیني نرخونه لیست(1).xlsx,
KU1405-CLEAN-021,صفایي,شامپو,د لوښو پرېولو لپاره,بوتل,85,صفایي | شامپو | د لوښو پرېولو لپاره | بوتل,21,د ۱۴۰۵ کال صفایي تجهیزاتو تخمیني نرخونه لیست(1).xlsx,
KU1405-CLEAN-022,صفایي,هنډواش,بوتلي,بوتل,65,صفایي | هنډواش | بوتلي | بوتل,22,د ۱۴۰۵ کال صفایي تجهیزاتو تخمیني نرخونه لیست(1).xlsx,
KU1405-CLEAN-023,صفایي,کلورين,انټي سيپټيک,بوتل,70,صفایي | کلورين | انټي سيپټيک | بوتل,23,د ۱۴۰۵ کال صفایي تجهیزاتو تخمیني نرخونه لیست(1).xlsx,
KU1405-CLEAN-024,صفایي,کڅوڼي,پلاسټيکي توري,کيلو,70,صفایي | کڅوڼي | پلاسټيکي توري | کيلو,24,د ۱۴۰۵ کال صفایي تجهیزاتو تخمیني نرخونه لیست(1).xlsx,
KU1405-CLEAN-025,صفایي,صابون دانۍ,پلاستيکي,عدد,20,صفایي | صابون دانۍ | پلاستيکي | عدد,25,د ۱۴۰۵ کال صفایي تجهیزاتو تخمیني نرخونه لیست(1).xlsx,
KU1405-CLEAN-026,صفایي,کچره داني,کوچنۍ د تشناب لپاره,عدد,70,صفایي | کچره داني | کوچنۍ د تشناب لپاره | عدد,26,د ۱۴۰۵ کال صفایي تجهیزاتو تخمیني نرخونه لیست(1).xlsx,
KU1405-CLEAN-027,صفایي,تيزاب,ګندک,بوتل,80,صفایي | تيزاب | ګندک | بوتل,27,د ۱۴۰۵ کال صفایي تجهیزاتو تخمیني نرخونه لیست(1).xlsx,
KU1405-CLEAN-028,صفایي,لوند کاغذ,د لابراتوار لپاره,قطۍ,40,صفایي | لوند کاغذ | د لابراتوار لپاره | قطۍ,28,د ۱۴۰۵ کال صفایي تجهیزاتو تخمیني نرخونه لیست(1).xlsx,
KU1405-CLEAN-029,صفایي,ماسکونه,فلټر لرونکي,عدد,120,صفایي | ماسکونه | فلټر لرونکي | عدد,29,د ۱۴۰۵ کال صفایي تجهیزاتو تخمیني نرخونه لیست(1).xlsx,
KU1405-FURN-001,فرنیچري,المارۍ,چوبي وطني,عدد,5500,فرنیچري | المارۍ | چوبي وطني | عدد,1,د ۱۴۰۵ کال فرنیچري تجهیزاتو تخمیني نرخونه لیست(1).xlsx,
KU1405-FURN-002,فرنیچري,المارۍ,فلزي وطني ډبله,عدد,4800,فرنیچري | المارۍ | فلزي وطني ډبله | عدد,2,د ۱۴۰۵ کال فرنیچري تجهیزاتو تخمیني نرخونه لیست(1).xlsx,
KU1405-FURN-003,فرنیچري,چوکۍ,دفتري څرخي DDS,عدد,6800,فرنیچري | چوکۍ | دفتري څرخي DDS | عدد,3,د ۱۴۰۵ کال فرنیچري تجهیزاتو تخمیني نرخونه لیست(1).xlsx,
KU1405-FURN-004,فرنیچري,چوکۍ,د مراجعینو لپاره وطني چرمي ډبل جوړ,عدد,500,فرنیچري | چوکۍ | د مراجعینو لپاره وطني چرمي ډبل جوړ | عدد,4,د ۱۴۰۵ کال فرنیچري تجهیزاتو تخمیني نرخونه لیست(1).xlsx,
KU1405-FURN-005,فرنیچري,ميزونه,د فتري 70*160 کي وطني,سيټه,8000,فرنیچري | ميزونه | د فتري 70*160 کي وطني | سيټه,5,د ۱۴۰۵ کال فرنیچري تجهیزاتو تخمیني نرخونه لیست(1).xlsx,
KU1405-FURN-006,فرنیچري,ميزونه,د غونډو لپاره 60*3 کي وطني,پايې,23000,فرنیچري | ميزونه | د غونډو لپاره 60*3 کي وطني | پايې,6,د ۱۴۰۵ کال فرنیچري تجهیزاتو تخمیني نرخونه لیست(1).xlsx,
KU1405-FURN-007,فرنیچري,غالۍ,ایراني اعلي کیفیت 4*3 کي,عدد,7000,فرنیچري | غالۍ | ایراني اعلي کیفیت 4*3 کي | عدد,7,د ۱۴۰۵ کال فرنیچري تجهیزاتو تخمیني نرخونه لیست(1).xlsx,
KU1405-FURN-008,فرنیچري,سيټ کوچ,۷ نفري وطني د چای خوري میزو سره,سيټه,32000,فرنیچري | سيټ کوچ | ۷ نفري وطني د چای خوري میزو سره | سيټه,8,د ۱۴۰۵ کال فرنیچري تجهیزاتو تخمیني نرخونه لیست(1).xlsx,
KU1405-FURN-009,فرنیچري,فرش,ایرانی پردیس اعلی کیفیت ۴ متره بر لرونکی د اواریدو سره,متره,430,فرنیچري | فرش | ایرانی پردیس اعلی کیفیت ۴ متره بر لرونکی د اواریدو سره | متره,9,د ۱۴۰۵ کال فرنیچري تجهیزاتو تخمیني نرخونه لیست(1).xlsx,
KU1405-FURN-010,فرنیچري,پردې,بخمل 3D اصلي ډیزاینداره ټوکر کي د نصب سره,متره,450,فرنیچري | پردې | بخمل 3D اصلي ډیزاینداره ټوکر کي د نصب سره | متره,10,د ۱۴۰۵ کال فرنیچري تجهیزاتو تخمیني نرخونه لیست(1).xlsx,
KU1405-FURN-011,فرنیچري,ميزونه,7*20 /120 کي تایلنډي تخته کي وطني,عدد,38000,فرنیچري | ميزونه | 7*20 /120 کي تایلنډي تخته کي وطني | عدد,11,د ۱۴۰۵ کال فرنیچري تجهیزاتو تخمیني نرخونه لیست(1).xlsx,
KU1405-FURN-012,فرنیچري,ويټرين,20*1 وطني دوه پله یي هینداره لرونکي فلزي دستو والا,عدد,3500,فرنیچري | ويټرين | 20*1 وطني دوه پله یي هینداره لرونکي فلزي دستو والا | عدد,12,د ۱۴۰۵ کال فرنیچري تجهیزاتو تخمیني نرخونه لیست(1).xlsx,
KU1405-FURN-013,فرنیچري,چوکۍ,پلاستیکي کابل نوبل,عدد,500,فرنیچري | چوکۍ | پلاستیکي کابل نوبل | عدد,13,د ۱۴۰۵ کال فرنیچري تجهیزاتو تخمیني نرخونه لیست(1).xlsx,
KU1405-FURN-014,فرنیچري,سيټ کوچ,۱۰ نفري وطني د چای خوري میزو سره,سيټ,33000,فرنیچري | سيټ کوچ | ۱۰ نفري وطني د چای خوري میزو سره | سيټ,14,د ۱۴۰۵ کال فرنیچري تجهیزاتو تخمیني نرخونه لیست(1).xlsx,
KU1405-FURN-015,فرنیچري,سټيج,جابه لرونکي وطني چوبي د لوګو او خط سره,عدد,2500,فرنیچري | سټيج | جابه لرونکي وطني چوبي د لوګو او خط سره | عدد,15,د ۱۴۰۵ کال فرنیچري تجهیزاتو تخمیني نرخونه لیست(1).xlsx,
KU1405-COMP-001,کمپیوټري,پلازما,سمسنګ 85 انچه د دیوالي سټینډ سره,پايه,61450,کمپیوټري | پلازما | سمسنګ 85 انچه د دیوالي سټینډ سره | پايه,1,د ۱۴۰۵ کال کمپیوټري تجهیزاتو تخمیني نرخونو لست(1).xlsx,
KU1405-COMP-002,کمپیوټري,پرينټر,ساده HP LASERJET MFP 236SDN,پايه,16900,کمپیوټري | پرينټر | ساده HP LASERJET MFP 236SDN | پايه,2,د ۱۴۰۵ کال کمپیوټري تجهیزاتو تخمیني نرخونو لست(1).xlsx,
KU1405-COMP-003,کمپیوټري,پرينټر,رنګه HP LASERJET 200 PRO,پايه,30700,کمپیوټري | پرينټر | رنګه HP LASERJET 200 PRO | پايه,3,د ۱۴۰۵ کال کمپیوټري تجهیزاتو تخمیني نرخونو لست(1).xlsx,
KU1405-COMP-004,کمپیوټري,پروجکټور,EPSON W01,پايه,24500,کمپیوټري | پروجکټور | EPSON W01 | پايه,4,د ۱۴۰۵ کال کمپیوټري تجهیزاتو تخمیني نرخونو لست(1).xlsx,
KU1405-COMP-005,کمپیوټري,کمپيوټر,LAPTOP DELL 11GEN 16 GB RAM 1TB SSD,پايه,48000,کمپیوټري | کمپيوټر | LAPTOP DELL 11GEN 16 GB RAM 1TB SSD | پايه,5,د ۱۴۰۵ کال کمپیوټري تجهیزاتو تخمیني نرخونو لست(1).xlsx,
KU1405-COMP-006,کمپیوټري,کمپيوټر,DESKTOP DELL 13GEN 16 GB RAM 1TB SSD,پايه,58000,کمپیوټري | کمپيوټر | DESKTOP DELL 13GEN 16 GB RAM 1TB SSD | پايه,6,د ۱۴۰۵ کال کمپیوټري تجهیزاتو تخمیني نرخونو لست(1).xlsx,
KU1405-COMP-007,کمپیوټري,کيمره,CANON,عدد,25000,کمپیوټري | کيمره | CANON | عدد,7,د ۱۴۰۵ کال کمپیوټري تجهیزاتو تخمیني نرخونو لست(1).xlsx,
KU1405-COMP-008,کمپیوټري,کاپي ماشين,TASKALFA 6004I غټ ساده,پايه,480000,کمپیوټري | کاپي ماشين | TASKALFA 6004I غټ ساده | پايه,8,د ۱۴۰۵ کال کمپیوټري تجهیزاتو تخمیني نرخونو لست(1).xlsx,
KU1405-COMP-009,کمپیوټري,سکينر,HP LASERJET PRO 2600F1,پايه,18000,کمپیوټري | سکينر | HP LASERJET PRO 2600F1 | پايه,9,د ۱۴۰۵ کال کمپیوټري تجهیزاتو تخمیني نرخونو لست(1).xlsx,
KU1405-COMP-010,کمپیوټري,هارډيسک,SANDISK 1TB SSD,عدد,9600,کمپیوټري | هارډيسک | SANDISK 1TB SSD | عدد,10,د ۱۴۰۵ کال کمپیوټري تجهیزاتو تخمیني نرخونو لست(1).xlsx,
KU1405-COMP-011,کمپیوټري,فلش,64GB,عدد,500,کمپیوټري | فلش | 64GB | عدد,11,د ۱۴۰۵ کال کمپیوټري تجهیزاتو تخمیني نرخونو لست(1).xlsx,
KU1405-COMP-012,کمپیوټري,ماوس,ZORNWEE GM02,عدد,150,کمپیوټري | ماوس | ZORNWEE GM02 | عدد,12,د ۱۴۰۵ کال کمپیوټري تجهیزاتو تخمیني نرخونو لست(1).xlsx,
KU1405-COMP-013,کمپیوټري,کيبورډ,DELL,عدد,350,کمپیوټري | کيبورډ | DELL | عدد,13,د ۱۴۰۵ کال کمپیوټري تجهیزاتو تخمیني نرخونو لست(1).xlsx,
KU1405-COMP-014,کمپیوټري,مسالې,DURACELL AAA ریموټي,جوړه,50,کمپیوټري | مسالې | DURACELL AAA ریموټي | جوړه,14,د ۱۴۰۵ کال کمپیوټري تجهیزاتو تخمیني نرخونو لست(1).xlsx,
KU1405-COMP-015,کمپیوټري,pointer,LOGITECH R 400,عدد,700,کمپیوټري | pointer | LOGITECH R 400 | عدد,15,د ۱۴۰۵ کال کمپیوټري تجهیزاتو تخمیني نرخونو لست(1).xlsx,
KU1405-COMP-016,کمپیوټري,UPS,MAXMA 2000 W,عدد,8500,کمپیوټري | UPS | MAXMA 2000 W | عدد,16,د ۱۴۰۵ کال کمپیوټري تجهیزاتو تخمیني نرخونو لست(1).xlsx,
KU1405-COMP-017,کمپیوټري,مسالې,قلمي DURACELL AA,جوړه,50,کمپیوټري | مسالې | قلمي DURACELL AA | جوړه,17,د ۱۴۰۵ کال کمپیوټري تجهیزاتو تخمیني نرخونو لست(1).xlsx,
KU1405-OFFC-001,دفتري,ایرکنډیشن,2 ټن GEEPAS,عدد,39000,دفتري | ایرکنډیشن | 2 ټن GEEPAS | عدد,1,د ۱۴۰۵ کال دفتري  تجهیزاتو تخمیني نرخونه لیست(1).xlsx,
KU1405-OFFC-002,دفتري,کچره داني,جالۍ داره تور فلزي,عدد,290,دفتري | کچره داني | جالۍ داره تور فلزي | عدد,2,د ۱۴۰۵ کال دفتري  تجهیزاتو تخمیني نرخونه لیست(1).xlsx,
KU1405-OFFC-003,دفتري,کولر,ایرانی مشهد دوام MD300 هوا دهي 3000,عدد,7200,دفتري | کولر | ایرانی مشهد دوام MD300 هوا دهي 3000 | عدد,3,د ۱۴۰۵ کال دفتري  تجهیزاتو تخمیني نرخونه لیست(1).xlsx,
KU1405-OFFC-004,دفتري,د ګازو ډبه,ایرانی اندیشه ۱۲ کیلویي,عدد,1550,دفتري | د ګازو ډبه | ایرانی اندیشه ۱۲ کیلویي | عدد,4,د ۱۴۰۵ کال دفتري  تجهیزاتو تخمیني نرخونه لیست(1).xlsx,
KU1405-OFFC-005,دفتري,واټر کولر,یخچال والا نیشنل پاور کمپنۍ,عدد,6300,دفتري | واټر کولر | یخچال والا نیشنل پاور کمپنۍ | عدد,5,د ۱۴۰۵ کال دفتري  تجهیزاتو تخمیني نرخونه لیست(1).xlsx,
KU1405-OFFC-006,دفتري,بخاری,GEEPAS 2IN1,عدد,2100,دفتري | بخاری | GEEPAS 2IN1 | عدد,6,د ۱۴۰۵ کال دفتري  تجهیزاتو تخمیني نرخونه لیست(1).xlsx,
KU1405-OFFC-007,دفتري,دیوالی ساعت,۱۴ انچه سپین,عدد,400,دفتري | دیوالی ساعت | ۱۴ انچه سپین | عدد,7,د ۱۴۰۵ کال دفتري  تجهیزاتو تخمیني نرخونه لیست(1).xlsx,
KU1405-OFFC-008,دفتري,یخچال,دوه دروازه یي میانه سایز GENRAL,عدد,10000,دفتري | یخچال | دوه دروازه یي میانه سایز GENRAL | عدد,8,د ۱۴۰۵ کال دفتري  تجهیزاتو تخمیني نرخونه لیست(1).xlsx,
KU1405-OFFC-009,دفتري,کنټرولر,ایرانی اصلي,عدد,80,دفتري | کنټرولر | ایرانی اصلي | عدد,9,د ۱۴۰۵ کال دفتري  تجهیزاتو تخمیني نرخونه لیست(1).xlsx,
KU1405-OFFC-010,دفتري,د بخارۍ پيپ,ایرانی ۱۲ کیلويي ډبو له پاره,متر,30,دفتري | د بخارۍ پيپ | ایرانی ۱۲ کیلويي ډبو له پاره | متر,10,د ۱۴۰۵ کال دفتري  تجهیزاتو تخمیني نرخونه لیست(1).xlsx,
KU1405-OFFC-011,دفتري,ترموزان,ایرانی اصلي شیشه والا ۲ لیټره,عدد,450,دفتري | ترموزان | ایرانی اصلي شیشه والا ۲ لیټره | عدد,11,د ۱۴۰۵ کال دفتري  تجهیزاتو تخمیني نرخونه لیست(1).xlsx,
KU1405-OFFC-012,دفتري,برقي جارو,ترکی BLOWING 2400W VIRA 25,عدد,4500,دفتري | برقي جارو | ترکی BLOWING 2400W VIRA 25 | عدد,12,د ۱۴۰۵ کال دفتري  تجهیزاتو تخمیني نرخونه لیست(1).xlsx,
KU1405-OFFC-013,دفتري,ګيلاسونه,فرانسوي د چای خوري له پاره,عدد,200,دفتري | ګيلاسونه | فرانسوي د چای خوري له پاره | عدد,13,د ۱۴۰۵ کال دفتري  تجهیزاتو تخمیني نرخونه لیست(1).xlsx,
KU1405-OFFC-014,دفتري,تجرۍ,افغانستان جوړ ایرانی ماډل میانه سایز,عدد,6700,دفتري | تجرۍ | افغانستان جوړ ایرانی ماډل میانه سایز | عدد,14,د ۱۴۰۵ کال دفتري  تجهیزاتو تخمیني نرخونه لیست(1).xlsx,
KU1405-OFFC-015,دفتري,پتنوس,غټ سایز پلاستیکي ډبل ګلداره,عدد,350,دفتري | پتنوس | غټ سایز پلاستیکي ډبل ګلداره | عدد,15,د ۱۴۰۵ کال دفتري  تجهیزاتو تخمیني نرخونه لیست(1).xlsx,
KU1405-OFFC-016,دفتري,ګيلاسونه,د اوبو څشلو پلاستیکي غټ,عدد,30,دفتري | ګيلاسونه | د اوبو څشلو پلاستیکي غټ | عدد,16,د ۱۴۰۵ کال دفتري  تجهیزاتو تخمیني نرخونه لیست(1).xlsx,
KU1405-OFFC-017,دفتري,Adopter,شین رنګ چارجر,عدد,400,دفتري | Adopter | شین رنګ چارجر | عدد,17,د ۱۴۰۵ کال دفتري  تجهیزاتو تخمیني نرخونه لیست(1).xlsx,
KU1405-OFFC-018,دفتري,پلميټ دانۍ,ناشکن فرانسوي میانه سایز,عدد,50,دفتري | پلميټ دانۍ | ناشکن فرانسوي میانه سایز | عدد,18,د ۱۴۰۵ کال دفتري  تجهیزاتو تخمیني نرخونه لیست(1).xlsx,
KU1405-OFFC-019,دفتري,ګيزر,۵۰ لیټره اریسټون کمپنۍ,عدد,6500,دفتري | ګيزر | ۵۰ لیټره اریسټون کمپنۍ | عدد,19,د ۱۴۰۵ کال دفتري  تجهیزاتو تخمیني نرخونه لیست(1).xlsx,
KU1405-OFFC-020,دفتري,د اوبو فلټر,KRYSTAL SOURCE,عدد,3800,دفتري | د اوبو فلټر | KRYSTAL SOURCE | عدد,20,د ۱۴۰۵ کال دفتري  تجهیزاتو تخمیني نرخونه لیست(1).xlsx,
KU1405-OFFC-021,دفتري,چایبر,نکلي ۵ لیټره,عدد,250,دفتري | چایبر | نکلي ۵ لیټره | عدد,21,د ۱۴۰۵ کال دفتري  تجهیزاتو تخمیني نرخونه لیست(1).xlsx,
KU1405-OFFC-022,دفتري,بادپکې,اصلي BLUE STAR,عدد,2200,دفتري | بادپکې | اصلي BLUE STAR | عدد,22,د ۱۴۰۵ کال دفتري  تجهیزاتو تخمیني نرخونه لیست(1).xlsx,
KU1405-STAT-001,قرطاسیه,کاغذ,سپین 70ګرامه A4,کارتن,950,قرطاسیه | کاغذ | سپین 70ګرامه A4 | کارتن,1,د ۱۴۰۵ کال قرطاسیه تجهیزاتو تخمیني نرخونو لیست(1).xlsx,
KU1405-STAT-002,قرطاسیه,سلوشن,ډیر اعلی Deer,حلقه,50,قرطاسیه | سلوشن | ډیر اعلی Deer | حلقه,2,د ۱۴۰۵ کال قرطاسیه تجهیزاتو تخمیني نرخونو لیست(1).xlsx,
KU1405-STAT-003,قرطاسیه,سریښ,ګلوستیک 35 ګرامه,بوتل,30,قرطاسیه | سریښ | ګلوستیک 35 ګرامه | بوتل,3,د ۱۴۰۵ کال قرطاسیه تجهیزاتو تخمیني نرخونو لیست(1).xlsx,
KU1405-STAT-004,قرطاسیه,یاداښت کاغذ,دبلی والا رنګه 700دانه یی,دبلی,59,قرطاسیه | یاداښت کاغذ | دبلی والا رنګه 700دانه یی | دبلی,4,د ۱۴۰۵ کال قرطاسیه تجهیزاتو تخمیني نرخونو لیست(1).xlsx,
KU1405-STAT-005,قرطاسیه,تیشو کاغذ,الکوزی 150 برکه,قطۍ,60,قرطاسیه | تیشو کاغذ | الکوزی 150 برکه | قطۍ,5,د ۱۴۰۵ کال قرطاسیه تجهیزاتو تخمیني نرخونو لیست(1).xlsx,
KU1405-STAT-006,قرطاسیه,شنی دوسیی,3 انچه,عدد,48,قرطاسیه | شنی دوسیی | 3 انچه | عدد,6,د ۱۴۰۵ کال قرطاسیه تجهیزاتو تخمیني نرخونو لیست(1).xlsx,
KU1405-STAT-007,قرطاسیه,شين قلم خودکاره,Linc Prime,قطۍ,115,قرطاسیه | شين قلم خودکاره | Linc Prime | قطۍ,7,د ۱۴۰۵ کال قرطاسیه تجهیزاتو تخمیني نرخونو لیست(1).xlsx,
KU1405-STAT-008,قرطاسیه,پاکټان A4,ساده50دانه یی سریښ لرونکی,بسته,150,قرطاسیه | پاکټان A4 | ساده50دانه یی سریښ لرونکی | بسته,8,د ۱۴۰۵ کال قرطاسیه تجهیزاتو تخمیني نرخونو لیست(1).xlsx,
KU1405-STAT-009,قرطاسیه,پاکټان A3,خړ 50دانه یی,بسته,350,قرطاسیه | پاکټان A3 | خړ 50دانه یی | بسته,9,د ۱۴۰۵ کال قرطاسیه تجهیزاتو تخمیني نرخونو لیست(1).xlsx,
KU1405-STAT-010,قرطاسیه,ټرې,پلاستيکي/ فلزي,عدد,280,قرطاسیه | ټرې | پلاستيکي/ فلزي | عدد,10,د ۱۴۰۵ کال قرطاسیه تجهیزاتو تخمیني نرخونو لیست(1).xlsx,
KU1405-STAT-011,قرطاسیه,هايلايټر قلم,دوه رنګه,قطۍ,100,قرطاسیه | هايلايټر قلم | دوه رنګه | قطۍ,11,د ۱۴۰۵ کال قرطاسیه تجهیزاتو تخمیني نرخونو لیست(1).xlsx,
KU1405-STAT-012,قرطاسیه,اسټپلر کش,کوچنی اعلی,عدد,15,قرطاسیه | اسټپلر کش | کوچنی اعلی | عدد,12,د ۱۴۰۵ کال قرطاسیه تجهیزاتو تخمیني نرخونو لیست(1).xlsx,
KU1405-STAT-013,قرطاسیه,پنسل قلم,اعلی کيفيت,قطۍ,25,قرطاسیه | پنسل قلم | اعلی کيفيت | قطۍ,13,د ۱۴۰۵ کال قرطاسیه تجهیزاتو تخمیني نرخونو لیست(1).xlsx,
KU1405-STAT-014,قرطاسیه,نازک پلاستيک,اعلی C6,بسته,120,قرطاسیه | نازک پلاستيک | اعلی C6 | بسته,14,د ۱۴۰۵ کال قرطاسیه تجهیزاتو تخمیني نرخونو لیست(1).xlsx,
KU1405-STAT-015,قرطاسیه,پلاستيکي دوسيې,بټن لرونکي، درجن بسته,بسته,40,قرطاسیه | پلاستيکي دوسيې | بټن لرونکي، درجن بسته | بسته,15,د ۱۴۰۵ کال قرطاسیه تجهیزاتو تخمیني نرخونو لیست(1).xlsx,
KU1405-STAT-016,قرطاسیه,کورکشن,اعلی کيفيت,عدد,10,قرطاسیه | کورکشن | اعلی کيفيت | عدد,16,د ۱۴۰۵ کال قرطاسیه تجهیزاتو تخمیني نرخونو لیست(1).xlsx,
KU1405-STAT-017,قرطاسیه,ماکر قلم,SM 999مارکر,قطۍ,58,قرطاسیه | ماکر قلم | SM 999مارکر | قطۍ,17,د ۱۴۰۵ کال قرطاسیه تجهیزاتو تخمیني نرخونو لیست(1).xlsx,
KU1405-STAT-018,قرطاسیه,د سټپلر ستني,جانسنز,قطۍ,12,قرطاسیه | د سټپلر ستني | جانسنز | قطۍ,18,د ۱۴۰۵ کال قرطاسیه تجهیزاتو تخمیني نرخونو لیست(1).xlsx,
KU1405-STAT-019,قرطاسیه,خط کش,فلزی,عدد,8,قرطاسیه | خط کش | فلزی | عدد,19,د ۱۴۰۵ کال قرطاسیه تجهیزاتو تخمیني نرخونو لیست(1).xlsx,
KU1405-STAT-020,قرطاسیه,دحاضری کتاب,100 ورقي لرونکی,جلد,170,قرطاسیه | دحاضری کتاب | 100 ورقي لرونکی | جلد,20,د ۱۴۰۵ کال قرطاسیه تجهیزاتو تخمیني نرخونو لیست(1).xlsx,
KU1405-STAT-021,قرطاسیه,سپرېټران,پلاستيکي,بسته,22,قرطاسیه | سپرېټران | پلاستيکي | بسته,21,د ۱۴۰۵ کال قرطاسیه تجهیزاتو تخمیني نرخونو لیست(1).xlsx,
KU1405-STAT-022,قرطاسیه,پنچ,ميانه سايز,عدد,170,قرطاسیه | پنچ | ميانه سايز | عدد,22,د ۱۴۰۵ کال قرطاسیه تجهیزاتو تخمیني نرخونو لیست(1).xlsx,
KU1405-STAT-023,قرطاسیه,سټپلر,فلزي اعلی درجه پلاسي,عدد,160,قرطاسیه | سټپلر | فلزي اعلی درجه پلاسي | عدد,23,د ۱۴۰۵ کال قرطاسیه تجهیزاتو تخمیني نرخونو لیست(1).xlsx,
KU1405-STAT-024,قرطاسیه,نوټس بورډ,اعلی درجه، 60*90,عدد,300,قرطاسیه | نوټس بورډ | اعلی درجه، 60*90 | عدد,24,د ۱۴۰۵ کال قرطاسیه تجهیزاتو تخمیني نرخونو لیست(1).xlsx,
KU1405-STAT-025,قرطاسیه,د سرميزي بيرغ,سټينډ او بيرغ دواره,عدد,100,قرطاسیه | د سرميزي بيرغ | سټينډ او بيرغ دواره | عدد,25,د ۱۴۰۵ کال قرطاسیه تجهیزاتو تخمیني نرخونو لیست(1).xlsx,
KU1405-STAT-026,قرطاسیه,قلمدانی,چوبي اعلی کيفيت,عدد,100,قرطاسیه | قلمدانی | چوبي اعلی کيفيت | عدد,26,د ۱۴۰۵ کال قرطاسیه تجهیزاتو تخمیني نرخونو لیست(1).xlsx,
KU1405-STAT-027,قرطاسیه,سلوشندانۍ,اعلی کيفيت,عدد,80,قرطاسیه | سلوشندانۍ | اعلی کيفيت | عدد,27,د ۱۴۰۵ کال قرطاسیه تجهیزاتو تخمیني نرخونو لیست(1).xlsx,
KU1405-STAT-028,قرطاسیه,سور قلم خود کاره,Linc Prime,قطۍ,115,قرطاسیه | سور قلم خود کاره | Linc Prime | قطۍ,28,د ۱۴۰۵ کال قرطاسیه تجهیزاتو تخمیني نرخونو لیست(1).xlsx,
KU1405-STAT-029,قرطاسیه,جنسي کتاب,100 ورقي لرونکی,جلد,100,قرطاسیه | جنسي کتاب | 100 ورقي لرونکی | جلد,29,د ۱۴۰۵ کال قرطاسیه تجهیزاتو تخمیني نرخونو لیست(1).xlsx,
KU1405-STAT-030,قرطاسیه,تدريسي تختې,غټي ترکۍ لاسي جوړي,عدد,4000,قرطاسیه | تدريسي تختې | غټي ترکۍ لاسي جوړي | عدد,32,د ۱۴۰۵ کال قرطاسیه تجهیزاتو تخمیني نرخونو لیست(1).xlsx,
KU1405-STAT-031,قرطاسیه,سپيني تختې,سپيني اعلی درجه، 60*90,عدد,320,قرطاسیه | سپيني تختې | سپيني اعلی درجه، 60*90 | عدد,33,د ۱۴۰۵ کال قرطاسیه تجهیزاتو تخمیني نرخونو لیست(1).xlsx,
KU1405-STAT-032,قرطاسیه,سنجاق,سر لرونکی د تختې لپاره,قطۍ,10,قرطاسیه | سنجاق | سر لرونکی د تختې لپاره | قطۍ,34,د ۱۴۰۵ کال قرطاسیه تجهیزاتو تخمیني نرخونو لیست(1).xlsx,
KU1405-STAT-033,قرطاسیه,سنجاق دانۍ,اعلی کيفيت,عدد,25,قرطاسیه | سنجاق دانۍ | اعلی کيفيت | عدد,35,د ۱۴۰۵ کال قرطاسیه تجهیزاتو تخمیني نرخونو لیست(1).xlsx,
KU1405-STAT-034,قرطاسیه,حساب ماشين,M 12a,عدد,180,قرطاسیه | حساب ماشين | M 12a | عدد,36,د ۱۴۰۵ کال قرطاسیه تجهیزاتو تخمیني نرخونو لیست(1).xlsx,
KU1405-STAT-035,قرطاسیه,د غټ سټپلر ستني,اعلی کيفيت,قطۍ,30,قرطاسیه | د غټ سټپلر ستني | اعلی کيفيت | قطۍ,37,د ۱۴۰۵ کال قرطاسیه تجهیزاتو تخمیني نرخونو لیست(1).xlsx,
KU1405-STAT-036,قرطاسیه,ټاپه,شين رنګ، اعلی کيفيت,عدد,16,قرطاسیه | ټاپه | شين رنګ، اعلی کيفيت | عدد,38,د ۱۴۰۵ کال قرطاسیه تجهیزاتو تخمیني نرخونو لیست(1).xlsx,
KU1405-STAT-037,قرطاسیه,رنګ,د ټاپې لپاره شين، اعلی کيفيت,بوتل,10,قرطاسیه | رنګ | د ټاپې لپاره شين، اعلی کيفيت | بوتل,39,د ۱۴۰۵ کال قرطاسیه تجهیزاتو تخمیني نرخونو لیست(1).xlsx,
KU1405-STAT-038,قرطاسیه,پنسل پاک,اعلی کيفيت,عدد,2,قرطاسیه | پنسل پاک | اعلی کيفيت | عدد,40,د ۱۴۰۵ کال قرطاسیه تجهیزاتو تخمیني نرخونو لیست(1).xlsx,
KU1405-STAT-039,قرطاسیه,پنسل کت,اعلی کيفيت,عدد,2,قرطاسیه | پنسل کت | اعلی کيفيت | عدد,41,د ۱۴۰۵ کال قرطاسیه تجهیزاتو تخمیني نرخونو لیست(1).xlsx,
KU1405-STAT-040,قرطاسیه,کوچني پاکټ A5,سريښ لرونکی,بسته,100,قرطاسیه | کوچني پاکټ A5 | سريښ لرونکی | بسته,42,د ۱۴۰۵ کال قرطاسیه تجهیزاتو تخمیني نرخونو لیست(1).xlsx,
KU1405-STAT-041,قرطاسیه,سلوشن,غټ اعلی کيفيت,حلقه,40,قرطاسیه | سلوشن | غټ اعلی کيفيت | حلقه,43,د ۱۴۰۵ کال قرطاسیه تجهیزاتو تخمیني نرخونو لیست(1).xlsx,
KU1405-STAT-042,قرطاسیه,قلفک,د کاغذ لپاره,عدد,3,قرطاسیه | قلفک | د کاغذ لپاره | عدد,44,د ۱۴۰۵ کال قرطاسیه تجهیزاتو تخمیني نرخونو لیست(1).xlsx,
KU1405-STAT-043,قرطاسیه,سټپلر,غټ اعلی کيفيت,عدد,650,قرطاسیه | سټپلر | غټ اعلی کيفيت | عدد,45,د ۱۴۰۵ کال قرطاسیه تجهیزاتو تخمیني نرخونو لیست(1).xlsx,
KU1405-STAT-044,قرطاسیه,غچي,ميانه سایز، د عکس پرېکولو,عدد,40,قرطاسیه | غچي | ميانه سایز، د عکس پرېکولو | عدد,46,د ۱۴۰۵ کال قرطاسیه تجهیزاتو تخمیني نرخونو لیست(1).xlsx,
KU1405-STAT-045,قرطاسیه,سټينډ,سرميزي، د کاغذ لپاره,عدد,180,قرطاسیه | سټينډ | سرميزي، د کاغذ لپاره | عدد,47,د ۱۴۰۵ کال قرطاسیه تجهیزاتو تخمیني نرخونو لیست(1).xlsx,
KU1405-STAT-046,قرطاسیه,تيزاب,د تختې د صفايي لپاره(ټينر),بوتل,130,قرطاسیه | تيزاب | د تختې د صفايي لپاره(ټينر) | بوتل,48,د ۱۴۰۵ کال قرطاسیه تجهیزاتو تخمیني نرخونو لیست(1).xlsx,
KU1405-STAT-047,قرطاسیه,کتابچې,د نوټ لپاره(100) ورقيزه,عدد,100,قرطاسیه | کتابچې | د نوټ لپاره(100) ورقيزه | عدد,49,د ۱۴۰۵ کال قرطاسیه تجهیزاتو تخمیني نرخونو لیست(1).xlsx,
KU1405-STAT-048,قرطاسیه,ډبل کاغذ,دانه داره، د سرټيفيکېټ او پوښ لپاره,عدد,2,قرطاسیه | ډبل کاغذ | دانه داره، د سرټيفيکېټ او پوښ لپاره | عدد,50,د ۱۴۰۵ کال قرطاسیه تجهیزاتو تخمیني نرخونو لیست(1).xlsx,
KU1405-STAT-049,قرطاسیه,پوښ,پلاستيکي(100) دانه يزه بنډل,عدد,120,قرطاسیه | پوښ | پلاستيکي(100) دانه يزه بنډل | عدد,51,د ۱۴۰۵ کال قرطاسیه تجهیزاتو تخمیني نرخونو لیست(1).xlsx,
KU1405-STAT-050,قرطاسیه,پلاستيکي فايل,د استادانو د حاضرۍ لپاره,عدد,7,قرطاسیه | پلاستيکي فايل | د استادانو د حاضرۍ لپاره | عدد,52,د ۱۴۰۵ کال قرطاسیه تجهیزاتو تخمیني نرخونو لیست(1).xlsx,
KU1405-STAT-051,قرطاسیه,دوسيه,2انچه مختليف رنګونه,عدد,40,قرطاسیه | دوسيه | 2انچه مختليف رنګونه | عدد,53,د ۱۴۰۵ کال قرطاسیه تجهیزاتو تخمیني نرخونو لیست(1).xlsx,
KU1405-STAT-052,قرطاسیه,خودکار قلم,زرغون، Uni-ball,عدد,100,قرطاسیه | خودکار قلم | زرغون، Uni-ball | عدد,54,د ۱۴۰۵ کال قرطاسیه تجهیزاتو تخمیني نرخونو لیست(1).xlsx,
KU1405-STAT-053,قرطاسیه,قلمدانۍ,ځينځيري د قلم بندولو لپاره,عدد,100,قرطاسیه | قلمدانۍ | ځينځيري د قلم بندولو لپاره | عدد,55,د ۱۴۰۵ کال قرطاسیه تجهیزاتو تخمیني نرخونو لیست(1).xlsx,
KU1405-STAT-054,قرطاسیه,چارټونه,غټ سپين,عدد,7,قرطاسیه | چارټونه | غټ سپين | عدد,56,د ۱۴۰۵ کال قرطاسیه تجهیزاتو تخمیني نرخونو لیست(1).xlsx,
KU1405-STAT-055,قرطاسیه,غټ سټينډ,د چارټونو لپاره، پايه لرونکی,عدد,1350,قرطاسیه | غټ سټينډ | د چارټونو لپاره، پايه لرونکی | عدد,57,د ۱۴۰۵ کال قرطاسیه تجهیزاتو تخمیني نرخونو لیست(1).xlsx,
KU1405-STAT-056,قرطاسیه,کاغذ,د عکس لپاره,عدد,2,قرطاسیه | کاغذ | د عکس لپاره | عدد,58,د ۱۴۰۵ کال قرطاسیه تجهیزاتو تخمیني نرخونو لیست(1).xlsx,
KU1405-STAT-057,قرطاسیه,کاغذ,A3,ګډې,440,قرطاسیه | کاغذ | A3 | ګډې,59,د ۱۴۰۵ کال قرطاسیه تجهیزاتو تخمیني نرخونو لیست(1).xlsx,
KU1405-STAT-058,قرطاسیه,کاغذ,ډبل A3,عدد,4,قرطاسیه | کاغذ | ډبل A3 | عدد,60,د ۱۴۰۵ کال قرطاسیه تجهیزاتو تخمیني نرخونو لیست(1).xlsx,
KU1405-STAT-059,قرطاسیه,کاغذ,د بروشور او کتلاک لپاره,عدد,3,قرطاسیه | کاغذ | د بروشور او کتلاک لپاره | عدد,61,د ۱۴۰۵ کال قرطاسیه تجهیزاتو تخمیني نرخونو لیست(1).xlsx,
KU1405-STAT-060,قرطاسیه,کاغذ,ښوی مخ لرونکي 180ګرامهA2,عدد,14,قرطاسیه | کاغذ | ښوی مخ لرونکي 180ګرامهA2 | عدد,62,د ۱۴۰۵ کال قرطاسیه تجهیزاتو تخمیني نرخونو لیست(1).xlsx,
KU1405-STAT-061,قرطاسیه,کاغذ,د کارتونو لپاره PVC,عدد,5,قرطاسیه | کاغذ | د کارتونو لپاره PVC | عدد,63,د ۱۴۰۵ کال قرطاسیه تجهیزاتو تخمیني نرخونو لیست(1).xlsx,
KU1405-STAT-062,قرطاسیه,ټيشو کاغذ,ګول,عدد,170,قرطاسیه | ټيشو کاغذ | ګول | عدد,64,د ۱۴۰۵ کال قرطاسیه تجهیزاتو تخمیني نرخونو لیست(1).xlsx,
KU1405-STAT-063,قرطاسیه,خطکش,غټ فلزي (۱) متره,عدد,50,قرطاسیه | خطکش | غټ فلزي (۱) متره | عدد,65,د ۱۴۰۵ کال قرطاسیه تجهیزاتو تخمیني نرخونو لیست(1).xlsx,
KU1405-TONR-001,ټونر,ټونر,M 148 fdw,عدد,500,ټونر | ټونر | M 148 fdw | عدد,1,د ۱۴۰۵ کال ټونرانو تخمیني نرخو لیست(1).xlsx,
KU1405-TONR-002,ټونر,ټونر,P 1102,عدد,350,ټونر | ټونر | P 1102 | عدد,2,د ۱۴۰۵ کال ټونرانو تخمیني نرخو لیست(1).xlsx,
KU1405-TONR-003,ټونر,ټونر,P 2015,عدد,350,ټونر | ټونر | P 2015 | عدد,3,د ۱۴۰۵ کال ټونرانو تخمیني نرخو لیست(1).xlsx,
KU1405-TONR-004,ټونر,ټونر ټيوب,A 17,عدد,400,ټونر | ټونر ټيوب | A 17 | عدد,5,د ۱۴۰۵ کال ټونرانو تخمیني نرخو لیست(1).xlsx,
KU1405-TONR-005,ټونر,ټونر,A 94,عدد,500,ټونر | ټونر | A 94 | عدد,6,د ۱۴۰۵ کال ټونرانو تخمیني نرخو لیست(1).xlsx,
KU1405-TONR-006,ټونر,ټونر,A 32,عدد,500,ټونر | ټونر | A 32 | عدد,7,د ۱۴۰۵ کال ټونرانو تخمیني نرخو لیست(1).xlsx,
KU1405-TONR-007,ټونر,ټونر,NPG 28,عدد,600,ټونر | ټونر | NPG 28 | عدد,8,د ۱۴۰۵ کال ټونرانو تخمیني نرخو لیست(1).xlsx,
KU1405-TONR-008,ټونر,ټونر,CF 2838,عدد,400,ټونر | ټونر | CF 2838 | عدد,9,د ۱۴۰۵ کال ټونرانو تخمیني نرخو لیست(1).xlsx,
KU1405-TONR-009,ټونر,ټونر,A 78,عدد,350,ټونر | ټونر | A 78 | عدد,10,د ۱۴۰۵ کال ټونرانو تخمیني نرخو لیست(1).xlsx,
KU1405-TONR-010,ټونر,ټونر,A 126,عدد,2500,ټونر | ټونر | A 126 | عدد,11,د ۱۴۰۵ کال ټونرانو تخمیني نرخو لیست(1).xlsx,
KU1405-TONR-011,ټونر,ټونر,A 19,عدد,400,ټونر | ټونر | A 19 | عدد,12,د ۱۴۰۵ کال ټونرانو تخمیني نرخو لیست(1).xlsx,
KU1405-TONR-012,ټونر,ټونر,Epson 310 څلور رنګه,سيټ,250,ټونر | ټونر | Epson 310 څلور رنګه | سيټ,13,د ۱۴۰۵ کال ټونرانو تخمیني نرخو لیست(1).xlsx,
KU1405-TONR-013,ټونر,ټونر,A 79,عدد,350,ټونر | ټونر | A 79 | عدد,14,د ۱۴۰۵ کال ټونرانو تخمیني نرخو لیست(1).xlsx,
KU1405-TONR-014,ټونر,ټونر,M 4021 DN,عدد,500,ټونر | ټونر | M 4021 DN | عدد,15,د ۱۴۰۵ کال ټونرانو تخمیني نرخو لیست(1).xlsx,
KU1405-TONR-015,ټونر,ټونر,Canon 2206,عدد,600,ټونر | ټونر | Canon 2206 | عدد,16,د ۱۴۰۵ کال ټونرانو تخمیني نرخو لیست(1).xlsx,
KU1405-TONR-016,ټونر,ټونر,CP1525n,سيټ,2400,ټونر | ټونر | CP1525n | سيټ,17,د ۱۴۰۵ کال ټونرانو تخمیني نرخو لیست(1).xlsx,
KU1405-TONR-017,ټونر,ټونر,(201A) 277n رنګه,سيټ,27250,ټونر | ټونر | (201A) 277n رنګه | سيټ,18,د ۱۴۰۵ کال ټونرانو تخمیني نرخو لیست(1).xlsx,
KU1405-TONR-018,ټونر,ټونر,M 15a,عدد,400,ټونر | ټونر | M 15a | عدد,19,د ۱۴۰۵ کال ټونرانو تخمیني نرخو لیست(1).xlsx,
KU1405-TONR-019,ټونر,ټونر,Epson 382 څلور رنګه,سيټ,300,ټونر | ټونر | Epson 382 څلور رنګه | سيټ,21,د ۱۴۰۵ کال ټونرانو تخمیني نرخو لیست(1).xlsx,
KU1405-TONR-020,ټونر,ټونر,T 795 Desing jet(۶) رنګه مايع,سيټ,500,ټونر | ټونر | T 795 Desing jet(۶) رنګه مايع | سيټ,27,د ۱۴۰۵ کال ټونرانو تخمیني نرخو لیست(1).xlsx,
KU1405-TONR-021,ټونر,ټونر,HP421dw,عدد,800,ټونر | ټونر | HP421dw | عدد,29,د ۱۴۰۵ کال ټونرانو تخمیني نرخو لیست(1).xlsx,
KU1405-TONR-022,ټونر,ټونر,P 2035 N,عدد,500,ټونر | ټونر | P 2035 N | عدد,30,د ۱۴۰۵ کال ټونرانو تخمیني نرخو لیست(1).xlsx,
KU1405-TONR-023,ټونر,ټونر,Canon 2520,عدد,600,ټونر | ټونر | Canon 2520 | عدد,31,د ۱۴۰۵ کال ټونرانو تخمیني نرخو لیست(1).xlsx,
KU1405-TONR-024,ټونر,ټونر,4555,عدد,1200,ټونر | ټونر | 4555 | عدد,32,د ۱۴۰۵ کال ټونرانو تخمیني نرخو لیست(1).xlsx,
KU1405-TONR-025,ټونر,ټونر,CEXL 42/ 2202,عدد,600,ټونر | ټونر | CEXL 42/ 2202 | عدد,34,د ۱۴۰۵ کال ټونرانو تخمیني نرخو لیست(1).xlsx,
KU1405-TONR-026,ټونر,ټونر,CP 1515,سيټ,2200,ټونر | ټونر | CP 1515 | سيټ,35,د ۱۴۰۵ کال ټونرانو تخمیني نرخو لیست(1).xlsx,
KU1405-TONR-027,ټونر,ټونر,L 850 رنګه,سيټ,250,ټونر | ټونر | L 850 رنګه | سيټ,36,د ۱۴۰۵ کال ټونرانو تخمیني نرخو لیست(1).xlsx,
KU1405-TONR-028,ټونر,ټونر,6004i,عدد,10200,ټونر | ټونر | 6004i | عدد,37,د ۱۴۰۵ کال ټونرانو تخمیني نرخو لیست(1).xlsx,
KU1405-TONR-029,ټونر,ټونر,6003i,عدد,10200,ټونر | ټونر | 6003i | عدد,38,د ۱۴۰۵ کال ټونرانو تخمیني نرخو لیست(1).xlsx,
KU1405-TONR-030,ټونر,ټونر,150A,عدد,600,ټونر | ټونر | 150A | عدد,39,د ۱۴۰۵ کال ټونرانو تخمیني نرخو لیست(1).xlsx,
KU1405-TONR-031,ټونر,ټونر,44A,عدد,400,ټونر | ټونر | 44A | عدد,40,د ۱۴۰۵ کال ټونرانو تخمیني نرخو لیست(1).xlsx,
KU1405-TONR-032,ټونر,ټونر,136A,عدد,650,ټونر | ټونر | 136A | عدد,41,د ۱۴۰۵ کال ټونرانو تخمیني نرخو لیست(1).xlsx,
